OCC_CODE	OCC_TITLE	EDUCATIONLEVELID
40848	Advertising and Promotions Managers	UNDT
44501	Marketing Managers	UNDT
44866	Sales Managers	UNDT
48153	Public Relations and Fundraising Managers	UNDT
406090	Administrative Services Managers	UNDT
409743	Computer and Information Systems Managers	UNDT
413395	Financial Managers	UNDT
420700	Industrial Production Managers	UNDT
424353	Purchasing Managers	UNDT
428005	Transportation Storage and Distribution Managers	UNDT
442614	Compensation and Benefits Managers	UNDT
446267	Human Resources Managers	UNDT
449919	Training and Development Managers	UNDT
2598276	Farmers Ranchers and Other Agricultural Managers	UNDT
2601198	Construction Managers	UNDT
2604850	Education Administrators Preschool and Childcare Center/Program	UNDT
2605216	Education Administrators Elementary and Secondary School	UNDT
2605581	Education Administrators Postsecondary	UNDT
2607772	Education Administrators All Other	UNDT
2608503	Architectural and Engineering Managers	UNDT
2612155	Food Service Managers	UNDT
2615808	Funeral Service Managers	UNDT
2619460	Gaming Managers	UNDT
2623113	Lodging Managers	UNDT
2634069	Medical and Health Services Managers	UNDT
2637722	Natural Sciences Managers	UNDT
2641374	Postmasters and Mail Superintendents	UNDT
2645027	Property Real Estate and Community Association Managers	UNDT
2648679	Social and Community Service Managers	UNDT
2652332	Emergency Management Directors	UNDT
2666211	Managers All Other	UNDT
00-0000	All Occupations	UNDT
11-0000	Management Occupations	UNDT
11-1011	Chief Executives	BACH
11-1021	General and Operations Managers	BACH
11-1031	Legislators	BACH
13-0000	Business and Financial Operations Occupations	UNDT
13-1011	Agents and Business Managers of Artists Performers and Athletes	BACH
13-1021	Buyers and Purchasing Agents Farm Products	BACH
13-1022	Wholesale and Retail Buyers Except Farm Products	BACH
13-1023	Purchasing Agents Except Wholesale Retail and Farm Products	BACH
13-1031	Claims Adjusters Examiners and Investigators	HIGH
13-1032	Insurance Appraisers Auto Damage	SCND
13-1041	Compliance Officers	BACH
13-1051	Cost Estimators	BACH
13-1071	Human Resources Specialists	BACH
13-1074	Farm Labor Contractors	NONE
13-1075	Labor Relations Specialists	BACH
13-1081	Logisticians	BACH
13-1111	Management Analysts	BACH
13-1121	Meeting Convention and Event Planners	BACH
13-1131	Fundraisers	BACH
13-1141	Compensation Benefits and Job Analysis Specialists	BACH
13-1151	Training and Development Specialists	BACH
13-1161	Market Research Analysts and Marketing Specialists	BACH
13-1199	Business Operations Specialists All Other	BACH
13-2011	Accountants and Auditors	BACH
13-2021	Appraisers and Assessors of Real Estate	BACH
13-2031	Budget Analysts	BACH
13-2041	Credit Analysts	BACH
13-2051	Financial Analysts	BACH
13-2052	Personal Financial Advisors	BACH
13-2053	Insurance Underwriters	BACH
13-2061	Financial Examiners	BACH
13-2071	Credit Counselors	BACH
13-2072	Loan Officers	BACH
13-2081	Tax Examiners and Collectors and Revenue Agents	BACH
13-2082	Tax Preparers	HIGH
13-2099	Financial Specialists All Other	BACH
15-0000	Computer and Mathematical Occupations	UNDT
15-1111	Computer and Information Research Scientists	MSTR
15-1121	Computer Systems Analysts	BACH
15-1122	Information Security Analysts	BACH
15-1131	Computer Programmers	BACH
15-1132	Software Developers Applications	BACH
15-1133	Software Developers Systems Software	BACH
15-1134	Web Developers	ASSC
15-1141	Database Administrators	BACH
15-1142	Network and Computer Systems Administrators	BACH
15-1143	Computer Network Architects	BACH
15-1151	Computer User Support Specialists	SCND
15-1152	Computer Network Support Specialists	ASSC
15-1199	Computer Occupations All Other	BACH
15-2011	Actuaries	BACH
15-2021	Mathematicians	MSTR
15-2031	Operations Research Analysts	BACH
15-2041	Statisticians	MSTR
15-2091	Mathematical Technicians	BACH
15-2099	Mathematical Science Occupations All Other	BACH
17-0000	Architecture and Engineering Occupations	UNDT
17-1011	Architects Except Landscape and Naval	BACH
17-1012	Landscape Architects	BACH
17-1021	Cartographers and Photogrammetrists	BACH
17-1022	Surveyors	BACH
17-2011	Aerospace Engineers	BACH
17-2021	Agricultural Engineers	BACH
17-2031	Biomedical Engineers	BACH
17-2041	Chemical Engineers	BACH
17-2051	Civil Engineers	BACH
17-2061	Computer Hardware Engineers	BACH
17-2071	Electrical Engineers	BACH
17-2072	Electronics Engineers Except Computer	BACH
17-2081	Environmental Engineers	BACH
17-2111	Health and Safety Engineers Except Mining Safety Engineers and Inspectors	BACH
17-2112	Industrial Engineers	BACH
17-2121	Marine Engineers and Naval Architects	BACH
17-2131	Materials Engineers	BACH
17-2141	Mechanical Engineers	BACH
17-2151	Mining and Geological Engineers Including Mining Safety Engineers	BACH
17-2161	Nuclear Engineers	BACH
17-2171	Petroleum Engineers	BACH
17-2199	Engineers All Other	BACH
17-3011	Architectural and Civil Drafters	ASSC
17-3012	Electrical and Electronics Drafters	ASSC
17-3013	Mechanical Drafters	ASSC
17-3019	Drafters All Other	ASSC
17-3021	Aerospace Engineering and Operations Technicians	ASSC
17-3022	Civil Engineering Technicians	ASSC
17-3023	Electrical and Electronics Engineering Technicians	ASSC
17-3024	Electro-Mechanical Technicians	ASSC
17-3025	Environmental Engineering Technicians	ASSC
17-3026	Industrial Engineering Technicians	ASSC
17-3027	Mechanical Engineering Technicians	ASSC
17-3029	Engineering Technicians Except Drafters All Other	ASSC
17-3031	Surveying and Mapping Technicians	HIGH
19-0000	Life Physical and Social Science Occupations	UNDT
19-1011	Animal Scientists	BACH
19-1012	Food Scientists and Technologists	BACH
19-1013	Soil and Plant Scientists	BACH
19-1021	Biochemists and Biophysicists	DCTR
19-1022	Microbiologists	BACH
19-1023	Zoologists and Wildlife Biologists	BACH
19-1029	Biological Scientists All Other	BACH
19-1031	Conservation Scientists	BACH
19-1032	Foresters	BACH
19-1041	Epidemiologists	MSTR
19-1042	Medical Scientists Except Epidemiologists	DCTR
19-1099	Life Scientists All Other	BACH
19-2011	Astronomers	DCTR
19-2012	Physicists	DCTR
19-2021	Atmospheric and Space Scientists	BACH
19-2031	Chemists	BACH
19-2032	Materials Scientists	BACH
19-2041	Environmental Scientists and Specialists Including Health	BACH
19-2042	Geoscientists Except Hydrologists and Geographers	BACH
19-2043	Hydrologists	BACH
19-2099	Physical Scientists All Other	BACH
19-3011	Economists	MSTR
19-3022	Survey Researchers	MSTR
19-3031	Clinical Counseling and School Psychologists	DCTR
19-3032	Industrial-Organizational Psychologists	MSTR
19-3039	Psychologists All Other	MSTR
19-3041	Sociologists	MSTR
19-3051	Urban and Regional Planners	MSTR
19-3091	Anthropologists and Archeologists	MSTR
19-3092	Geographers	BACH
19-3093	Historians	MSTR
19-3094	Political Scientists	MSTR
19-3099	Social Scientists and Related Workers All Other	BACH
19-4011	Agricultural and Food Science Technicians	ASSC
19-4021	Biological Technicians	BACH
19-4031	Chemical Technicians	ASSC
19-4041	Geological and Petroleum Technicians	ASSC
19-4051	Nuclear Technicians	ASSC
19-4061	Social Science Research Assistants	BACH
19-4091	Environmental Science and Protection Technicians Including Health	ASSC
19-4092	Forensic Science Technicians	BACH
19-4093	Forest and Conservation Technicians	ASSC
19-4099	Life Physical and Social Science Technicians All Other	ASSC
21-0000	Community and Social Service Occupations	UNDT
21-1011	Substance Abuse and Behavioral Disorder Counselors	BACH
21-1012	Educational Guidance School and Vocational Counselors	MSTR
21-1013	Marriage and Family Therapists	MSTR
21-1014	Mental Health Counselors	MSTR
21-1015	Rehabilitation Counselors	MSTR
21-1019	Counselors All Other	MSTR
21-1021	Child Family and School Social Workers	BACH
21-1022	Healthcare Social Workers	MSTR
21-1023	Mental Health and Substance Abuse Social Workers	MSTR
21-1029	Social Workers All Other	BACH
21-1091	Health Educators	BACH
21-1092	Probation Officers and Correctional Treatment Specialists	BACH
21-1093	Social and Human Service Assistants	HIGH
21-1094	Community Health Workers	HIGH
21-1099	Community and Social Service Specialists All Other	BACH
21-2011	Clergy	BACH
21-2021	Directors Religious Activities and Education	BACH
21-2099	Religious Workers All Other	BACH
23-0000	Legal Occupations	UNDT
23-1011	Lawyers	DCTR
23-1012	Judicial Law Clerks	DCTR
23-1021	Administrative Law Judges Adjudicators and Hearing Officers	DCTR
23-1022	Arbitrators Mediators and Conciliators	BACH
23-1023	Judges Magistrate Judges and Magistrates	DCTR
23-2011	Paralegals and Legal Assistants	ASSC
23-2091	Court Reporters	SCND
23-2093	Title Examiners Abstractors and Searchers	HIGH
23-2099	Legal Support Workers All Other	ASSC
25-0000	Education Training and Library Occupations	UNDT
25-1011	Business Teachers Postsecondary	DCTR
25-1021	Computer Science Teachers Postsecondary	DCTR
25-1022	Mathematical Science Teachers Postsecondary	DCTR
25-1031	Architecture Teachers Postsecondary	DCTR
25-1032	Engineering Teachers Postsecondary	DCTR
25-1041	Agricultural Sciences Teachers Postsecondary	DCTR
25-1042	Biological Science Teachers Postsecondary	DCTR
25-1043	Forestry and Conservation Science Teachers Postsecondary	DCTR
25-1051	Atmospheric Earth Marine and Space Sciences Teachers Postsecondary	DCTR
25-1052	Chemistry Teachers Postsecondary	DCTR
25-1053	Environmental Science Teachers Postsecondary	DCTR
25-1054	Physics Teachers Postsecondary	DCTR
25-1061	Anthropology and Archeology Teachers Postsecondary	DCTR
25-1062	Area Ethnic and Cultural Studies Teachers Postsecondary	DCTR
25-1063	Economics Teachers Postsecondary	DCTR
25-1064	Geography Teachers Postsecondary	DCTR
25-1065	Political Science Teachers Postsecondary	DCTR
25-1066	Psychology Teachers Postsecondary	DCTR
25-1067	Sociology Teachers Postsecondary	DCTR
25-1069	Social Sciences Teachers Postsecondary All Other	DCTR
25-1071	Health Specialties Teachers Postsecondary	DCTR
25-1072	Nursing Instructors and Teachers Postsecondary	DCTR
25-1081	Education Teachers Postsecondary	DCTR
25-1082	Library Science Teachers Postsecondary	DCTR
25-1111	Criminal Justice and Law Enforcement Teachers Postsecondary	DCTR
25-1112	Law Teachers Postsecondary	DCTR
25-1113	Social Work Teachers Postsecondary	DCTR
25-1121	Art Drama and Music Teachers Postsecondary	MSTR
25-1122	Communications Teachers Postsecondary	DCTR
25-1123	English Language and Literature Teachers Postsecondary	DCTR
25-1124	Foreign Language and Literature Teachers Postsecondary	DCTR
25-1125	History Teachers Postsecondary	DCTR
25-1126	Philosophy and Religion Teachers Postsecondary	DCTR
25-1191	Graduate Teaching Assistants	BACH
25-1192	Home Economics Teachers Postsecondary	MSTR
25-1193	Recreation and Fitness Studies Teachers Postsecondary	DCTR
25-1194	Vocational Education Teachers Postsecondary	BACH
25-1199	Postsecondary Teachers All Other	DCTR
25-2011	Preschool Teachers Except Special Education	ASSC
25-2012	Kindergarten Teachers Except Special Education	BACH
25-2021	Elementary School Teachers Except Special Education	BACH
25-2022	Middle School Teachers Except Special and Career/Technical Education	BACH
25-2023	Career/Technical Education Teachers Middle School	BACH
25-2031	Secondary School Teachers Except Special and Career/Technical Education	BACH
25-2032	Career/Technical Education Teachers Secondary School	BACH
25-2051	Special Education Teachers Preschool	BACH
25-2052	Special Education Teachers Kindergarten and Elementary School	BACH
25-2053	Special Education Teachers Middle School	BACH
25-2054	Special Education Teachers Secondary School	BACH
25-2059	Special Education Teachers All Other	BACH
25-3011	Adult Basic and Secondary Education and Literacy Teachers and Instructors	BACH
25-3021	Self-Enrichment Education Teachers	HIGH
25-3097	Teachers and Instructors All Other Except Substitute Teachers	UNDT
25-3098	Substitute Teachers	UNDT
25-4011	Archivists	MSTR
25-4012	Curators	MSTR
25-4013	Museum Technicians and Conservators	BACH
25-4021	Librarians	MSTR
25-4031	Library Technicians	SCND
25-9011	Audio-Visual and Multimedia Collections Specialists	BACH
25-9021	Farm and Home Management Advisors	MSTR
25-9031	Instructional Coordinators	MSTR
25-9041	Teacher Assistants	SCND
25-9099	Education Training and Library Workers All Other	BACH
27-0000	Arts Design Entertainment Sports and Media Occupations	UNDT
27-1011	Art Directors	BACH
27-1012	Craft Artists	NONE
27-1013	Fine Artists Including Painters Sculptors and Illustrators	BACH
27-1014	Multimedia Artists and Animators	BACH
27-1019	Artists and Related Workers All Other	NONE
27-1021	Commercial and Industrial Designers	BACH
27-1022	Fashion Designers	BACH
27-1023	Floral Designers	HIGH
27-1024	Graphic Designers	BACH
27-1025	Interior Designers	BACH
27-1026	Merchandise Displayers and Window Trimmers	HIGH
27-1027	Set and Exhibit Designers	BACH
27-1029	Designers All Other	BACH
27-2011	Actors	SCND
27-2012	Producers and Directors	BACH
27-2021	Athletes and Sports Competitors	NONE
27-2022	Coaches and Scouts	BACH
27-2023	Umpires Referees and Other Sports Officials	HIGH
27-2031	Dancers	NONE
27-2032	Choreographers	HIGH
27-2041	Music Directors and Composers	BACH
27-2042	Musicians and Singers	NONE
27-2099	Entertainers and Performers Sports and Related Workers All Other	NONE
27-3011	Radio and Television Announcers	BACH
27-3012	Public Address System and Other Announcers	HIGH
27-3021	Broadcast News Analysts	BACH
27-3022	Reporters and Correspondents	BACH
27-3031	Public Relations Specialists	BACH
27-3041	Editors	BACH
27-3042	Technical Writers	BACH
27-3043	Writers and Authors	BACH
27-3091	Interpreters and Translators	BACH
27-3099	Media and Communication Workers All Other	HIGH
27-4011	Audio and Video Equipment Technicians	SCND
27-4012	Broadcast Technicians	ASSC
27-4013	Radio Operators	HIGH
27-4014	Sound Engineering Technicians	SCND
27-4021	Photographers	HIGH
27-4031	Camera Operators Television Video and Motion Picture	BACH
27-4032	Film and Video Editors	BACH
27-4099	Media and Communication Equipment Workers All Other	HIGH
29-0000	Healthcare Practitioners and Technical Occupations	UNDT
29-1011	Chiropractors	DCTR
29-1021	Dentists General	DCTR
29-1022	Oral and Maxillofacial Surgeons	DCTR
29-1023	Orthodontists	DCTR
29-1024	Prosthodontists	DCTR
29-1029	Dentists All Other Specialists	DCTR
29-1031	Dietitians and Nutritionists	BACH
29-1041	Optometrists	DCTR
29-1051	Pharmacists	DCTR
29-1061	Anesthesiologists	DCTR
29-1062	Family and General Practitioners	DCTR
29-1063	Internists General	DCTR
29-1064	Obstetricians and Gynecologists	DCTR
29-1065	Pediatricians General	DCTR
29-1066	Psychiatrists	DCTR
29-1067	Surgeons	DCTR
29-1069	Physicians and Surgeons All Other	DCTR
29-1071	Physician Assistants	MSTR
29-1081	Podiatrists	DCTR
29-1122	Occupational Therapists	MSTR
29-1123	Physical Therapists	DCTR
29-1124	Radiation Therapists	ASSC
29-1125	Recreational Therapists	BACH
29-1126	Respiratory Therapists	ASSC
29-1127	Speech-Language Pathologists	MSTR
29-1128	Exercise Physiologists	BACH
29-1129	Therapists All Other	BACH
29-1131	Veterinarians	DCTR
29-1141	Registered Nurses	BACH
29-1151	Nurse Anesthetists	MSTR
29-1161	Nurse Midwives	MSTR
29-1171	Nurse Practitioners	MSTR
29-1181	Audiologists	DCTR
29-1199	Health Diagnosing and Treating Practitioners All Other	MSTR
29-2011	Medical and Clinical Laboratory Technologists	BACH
29-2012	Medical and Clinical Laboratory Technicians	ASSC
29-2021	Dental Hygienists	ASSC
29-2031	Cardiovascular Technologists and Technicians	ASSC
29-2032	Diagnostic Medical Sonographers	ASSC
29-2033	Nuclear Medicine Technologists	ASSC
29-2034	Radiologic Technologists	ASSC
29-2035	Magnetic Resonance Imaging Technologists	ASSC
29-2041	Emergency Medical Technicians and Paramedics	SCND
29-2051	Dietetic Technicians	ASSC
29-2052	Pharmacy Technicians	HIGH
29-2053	Psychiatric Technicians	SCND
29-2054	Respiratory Therapy Technicians	ASSC
29-2055	Surgical Technologists	SCND
29-2056	Veterinary Technologists and Technicians	ASSC
29-2057	Ophthalmic Medical Technicians	SCND
29-2061	Licensed Practical and Licensed Vocational Nurses	SCND
29-2071	Medical Records and Health Information Technicians	SCND
29-2081	Opticians Dispensing	HIGH
29-2091	Orthotists and Prosthetists	MSTR
29-2092	Hearing Aid Specialists	HIGH
29-2099	Health Technologists and Technicians All Other	SCND
29-9011	Occupational Health and Safety Specialists	BACH
29-9012	Occupational Health and Safety Technicians	HIGH
29-9091	Athletic Trainers	BACH
29-9092	Genetic Counselors	MSTR
29-9099	Healthcare Practitioners and Technical Workers All Other	SCND
31-0000	Healthcare Support Occupations	UNDT
31-1011	Home Health Aides	HIGH
31-1013	Psychiatric Aides	HIGH
31-1014	Nursing Assistants	SCND
31-1015	Orderlies	HIGH
31-2011	Occupational Therapy Assistants	ASSC
31-2012	Occupational Therapy Aides	HIGH
31-2021	Physical Therapist Assistants	ASSC
31-2022	Physical Therapist Aides	HIGH
31-9011	Massage Therapists	SCND
31-9091	Dental Assistants	SCND
31-9092	Medical Assistants	SCND
31-9093	Medical Equipment Preparers	HIGH
31-9094	Medical Transcriptionists	SCND
31-9095	Pharmacy Aides	HIGH
31-9096	Veterinary Assistants and Laboratory Animal Caretakers	HIGH
31-9097	Phlebotomists	SCND
31-9099	Healthcare Support Workers All Other	HIGH
33-0000	Protective Service Occupations	UNDT
33-1011	First-Line Supervisors of Correctional Officers	HIGH
33-1012	First-Line Supervisors of Police and Detectives	HIGH
33-1021	First-Line Supervisors of Fire Fighting and Prevention Workers	SCND
33-1099	First-Line Supervisors of Protective Service Workers All Other	HIGH
33-2011	Firefighters	SCND
33-2021	Fire Inspectors and Investigators	SCND
33-2022	Forest Fire Inspectors and Prevention Specialists	HIGH
33-3011	Bailiffs	HIGH
33-3012	Correctional Officers and Jailers	HIGH
33-3021	Detectives and Criminal Investigators	HIGH
33-3031	Fish and Game Wardens	BACH
33-3041	Parking Enforcement Workers	HIGH
33-3051	Police and Sheriff's Patrol Officers	HIGH
33-3052	Transit and Railroad Police	HIGH
33-9011	Animal Control Workers	HIGH
33-9021	Private Detectives and Investigators	HIGH
33-9031	Gaming Surveillance Officers and Gaming Investigators	HIGH
33-9032	Security Guards	HIGH
33-9091	Crossing Guards	NONE
33-9092	Lifeguards Ski Patrol and Other Recreational Protective Service Workers	NONE
33-9093	Transportation Security Screeners	HIGH
33-9099	Protective Service Workers All Other	HIGH
35-0000	Food Preparation and Serving Related Occupations	UNDT
35-1011	Chefs and Head Cooks	HIGH
35-1012	First-Line Supervisors of Food Preparation and Serving Workers	HIGH
35-2011	Cooks Fast Food	NONE
35-2012	Cooks Institution and Cafeteria	NONE
35-2013	Cooks Private Household	SCND
35-2014	Cooks Restaurant	NONE
35-2015	Cooks Short Order	NONE
35-2019	Cooks All Other	NONE
35-2021	Food Preparation Workers	NONE
35-3011	Bartenders	NONE
35-3021	Combined Food Preparation and Serving Workers Including Fast Food	NONE
35-3022	Counter Attendants Cafeteria Food Concession and Coffee Shop	NONE
35-3031	Waiters and Waitresses	NONE
35-3041	Food Servers Nonrestaurant	NONE
35-9011	Dining Room and Cafeteria Attendants and Bartender Helpers	NONE
35-9021	Dishwashers	NONE
35-9031	Hosts and Hostesses Restaurant Lounge and Coffee Shop	NONE
35-9099	Food Preparation and Serving Related Workers All Other	NONE
37-0000	Building and Grounds Cleaning and Maintenance Occupations	UNDT
37-1011	First-Line Supervisors of Housekeeping and Janitorial Workers	HIGH
37-1012	First-Line Supervisors of Landscaping Lawn Service and Groundskeeping Workers	HIGH
37-2011	Janitors and Cleaners Except Maids and Housekeeping Cleaners	NONE
37-2012	Maids and Housekeeping Cleaners	NONE
37-2019	Building Cleaning Workers All Other	NONE
37-2021	Pest Control Workers	HIGH
37-3011	Landscaping and Groundskeeping Workers	NONE
37-3012	Pesticide Handlers Sprayers and Applicators Vegetation	HIGH
37-3013	Tree Trimmers and Pruners	HIGH
37-3019	Grounds Maintenance Workers All Other	NONE
39-0000	Personal Care and Service Occupations	UNDT
39-1011	Gaming Supervisors	HIGH
39-1012	Slot Supervisors	HIGH
39-1021	First-Line Supervisors of Personal Service Workers	HIGH
39-2011	Animal Trainers	HIGH
39-2021	Nonfarm Animal Caretakers	HIGH
39-3011	Gaming Dealers	HIGH
39-3012	Gaming and Sports Book Writers and Runners	HIGH
39-3019	Gaming Service Workers All Other	HIGH
39-3021	Motion Picture Projectionists	NONE
39-3031	Ushers Lobby Attendants and Ticket Takers	NONE
39-3091	Amusement and Recreation Attendants	NONE
39-3092	Costume Attendants	HIGH
39-3093	Locker Room Coatroom and Dressing Room Attendants	HIGH
39-3099	Entertainment Attendants and Related Workers All Other	HIGH
39-4011	Embalmers	ASSC
39-4021	Funeral Attendants	HIGH
39-4031	Morticians Undertakers and Funeral Directors	ASSC
39-5011	Barbers	SCND
39-5012	Hairdressers Hairstylists and Cosmetologists	SCND
39-5091	Makeup Artists Theatrical and Performance	SCND
39-5092	Manicurists and Pedicurists	SCND
39-5093	Shampooers	NONE
39-5094	Skincare Specialists	SCND
39-6011	Baggage Porters and Bellhops	HIGH
39-6012	Concierges	HIGH
39-7011	Tour Guides and Escorts	HIGH
39-7012	Travel Guides	HIGH
39-9011	Childcare Workers	HIGH
39-9021	Personal Care Aides	HIGH
39-9031	Fitness Trainers and Aerobics Instructors	HIGH
39-9032	Recreation Workers	HIGH
39-9041	Residential Advisors	HIGH
39-9099	Personal Care and Service Workers All Other	HIGH
41-0000	Sales and Related Occupations	UNDT
41-1011	First-Line Supervisors of Retail Sales Workers	HIGH
41-1012	First-Line Supervisors of Non-Retail Sales Workers	HIGH
41-2011	Cashiers	NONE
41-2012	Gaming Change Persons and Booth Cashiers	NONE
41-2021	Counter and Rental Clerks	NONE
41-2022	Parts Salespersons	NONE
41-2031	Retail Salespersons	NONE
41-3011	Advertising Sales Agents	HIGH
41-3021	Insurance Sales Agents	HIGH
41-3031	Securities Commodities and Financial Services Sales Agents	BACH
41-3041	Travel Agents	HIGH
41-3099	Sales Representatives Services All Other	HIGH
41-4011	Sales Representatives Wholesale and Manufacturing Technical and Scientific Products	BACH
41-4012	Sales Representatives Wholesale and Manufacturing Except Technical and Scientific Products	HIGH
41-9011	Demonstrators and Product Promoters	NONE
41-9012	Models	NONE
41-9021	Real Estate Brokers	HIGH
41-9022	Real Estate Sales Agents	HIGH
41-9031	Sales Engineers	BACH
41-9041	Telemarketers	NONE
41-9091	Door-to-Door Sales Workers News and Street Vendors and Related Workers	NONE
41-9099	Sales and Related Workers All Other	HIGH
43-0000	Office and Administrative Support Occupations	UNDT
43-1011	First-Line Supervisors of Office and Administrative Support Workers	HIGH
43-2011	Switchboard Operators Including Answering Service	HIGH
43-2021	Telephone Operators	HIGH
43-2099	Communications Equipment Operators All Other	HIGH
43-3011	Bill and Account Collectors	HIGH
43-3021	Billing and Posting Clerks	HIGH
43-3031	Bookkeeping Accounting and Auditing Clerks	SCND
43-3041	Gaming Cage Workers	HIGH
43-3051	Payroll and Timekeeping Clerks	HIGH
43-3061	Procurement Clerks	HIGH
43-3071	Tellers	HIGH
43-3099	Financial Clerks All Other	HIGH
43-4011	Brokerage Clerks	HIGH
43-4021	Correspondence Clerks	HIGH
43-4031	Court Municipal and License Clerks	HIGH
43-4041	Credit Authorizers Checkers and Clerks	HIGH
43-4051	Customer Service Representatives	HIGH
43-4061	Eligibility Interviewers Government Programs	HIGH
43-4071	File Clerks	HIGH
43-4081	Hotel Motel and Resort Desk Clerks	HIGH
43-4111	Interviewers Except Eligibility and Loan	HIGH
43-4121	Library Assistants Clerical	HIGH
43-4131	Loan Interviewers and Clerks	HIGH
43-4141	New Accounts Clerks	HIGH
43-4151	Order Clerks	HIGH
43-4161	Human Resources Assistants Except Payroll and Timekeeping	ASSC
43-4171	Receptionists and Information Clerks	HIGH
43-4181	Reservation and Transportation Ticket Agents and Travel Clerks	HIGH
43-4199	Information and Record Clerks All Other	HIGH
43-5011	Cargo and Freight Agents	HIGH
43-5021	Couriers and Messengers	HIGH
43-5031	Police Fire and Ambulance Dispatchers	HIGH
43-5032	Dispatchers Except Police Fire and Ambulance	HIGH
43-5041	Meter Readers Utilities	HIGH
43-5051	Postal Service Clerks	HIGH
43-5052	Postal Service Mail Carriers	HIGH
43-5053	Postal Service Mail Sorters Processors and Processing Machine Operators	HIGH
43-5061	Production Planning and Expediting Clerks	HIGH
43-5071	Shipping Receiving and Traffic Clerks	HIGH
43-5081	Stock Clerks and Order Fillers	HIGH
43-5111	Weighers Measurers Checkers and Samplers Recordkeeping	HIGH
43-6011	Executive Secretaries and Executive Administrative Assistants	HIGH
43-6012	Legal Secretaries	HIGH
43-6013	Medical Secretaries	HIGH
43-6014	Secretaries and Administrative Assistants Except Legal Medical and Executive	HIGH
43-9011	Computer Operators	HIGH
43-9021	Data Entry Keyers	HIGH
43-9022	Word Processors and Typists	HIGH
43-9031	Desktop Publishers	ASSC
43-9041	Insurance Claims and Policy Processing Clerks	HIGH
43-9051	Mail Clerks and Mail Machine Operators Except Postal Service	HIGH
43-9061	Office Clerks General	HIGH
43-9071	Office Machine Operators Except Computer	HIGH
43-9081	Proofreaders and Copy Markers	BACH
43-9111	Statistical Assistants	BACH
43-9199	Office and Administrative Support Workers All Other	HIGH
45-0000	Farming Fishing and Forestry Occupations	UNDT
45-1011	First-Line Supervisors of Farming Fishing and Forestry Workers	HIGH
45-2011	Agricultural Inspectors	BACH
45-2021	Animal Breeders	HIGH
45-2041	Graders and Sorters Agricultural Products	NONE
45-2091	Agricultural Equipment Operators	NONE
45-2092	Farmworkers and Laborers Crop Nursery and Greenhouse	NONE
45-2093	Farmworkers Farm Ranch and Aquacultural Animals	NONE
45-2099	Agricultural Workers All Other	NONE
45-3011	Fishers and Related Fishing Workers	UNDT
45-4011	Forest and Conservation Workers	HIGH
45-4021	Fallers	HIGH
45-4022	Logging Equipment Operators	HIGH
45-4023	Log Graders and Scalers	HIGH
45-4029	Logging Workers All Other	HIGH
47-0000	Construction and Extraction Occupations	UNDT
47-1011	First-Line Supervisors of Construction Trades and Extraction Workers	HIGH
47-2011	Boilermakers	HIGH
47-2021	Brickmasons and Blockmasons	HIGH
47-2022	Stonemasons	HIGH
47-2031	Carpenters	HIGH
47-2041	Carpet Installers	NONE
47-2042	Floor Layers Except Carpet Wood and Hard Tiles	NONE
47-2043	Floor Sanders and Finishers	NONE
47-2044	Tile and Marble Setters	NONE
47-2051	Cement Masons and Concrete Finishers	NONE
47-2053	Terrazzo Workers and Finishers	HIGH
47-2061	Construction Laborers	NONE
47-2071	Paving Surfacing and Tamping Equipment Operators	HIGH
47-2072	Pile-Driver Operators	HIGH
47-2073	Operating Engineers and Other Construction Equipment Operators	HIGH
47-2081	Drywall and Ceiling Tile Installers	NONE
47-2082	Tapers	NONE
47-2111	Electricians	HIGH
47-2121	Glaziers	HIGH
47-2131	Insulation Workers Floor Ceiling and Wall	NONE
47-2132	Insulation Workers Mechanical	HIGH
47-2141	Painters Construction and Maintenance	NONE
47-2142	Paperhangers	NONE
47-2151	Pipelayers	NONE
47-2152	Plumbers Pipefitters and Steamfitters	HIGH
47-2161	Plasterers and Stucco Masons	NONE
47-2171	Reinforcing Iron and Rebar Workers	HIGH
47-2181	Roofers	NONE
47-2211	Sheet Metal Workers	HIGH
47-2221	Structural Iron and Steel Workers	HIGH
47-2231	Solar Photovoltaic Installers	HIGH
47-3011	Helpers--Brickmasons Blockmasons Stonemasons and Tile and Marble Setters	NONE
47-3012	Helpers--Carpenters	NONE
47-3013	Helpers--Electricians	HIGH
47-3014	Helpers--Painters Paperhangers Plasterers and Stucco Masons	NONE
47-3015	Helpers--Pipelayers Plumbers Pipefitters and Steamfitters	HIGH
47-3016	Helpers--Roofers	NONE
47-3019	Helpers Construction Trades All Other	NONE
47-4011	Construction and Building Inspectors	HIGH
47-4021	Elevator Installers and Repairers	HIGH
47-4031	Fence Erectors	NONE
47-4041	Hazardous Materials Removal Workers	HIGH
47-4051	Highway Maintenance Workers	HIGH
47-4061	Rail-Track Laying and Maintenance Equipment Operators	HIGH
47-4071	Septic Tank Servicers and Sewer Pipe Cleaners	HIGH
47-4091	Segmental Pavers	HIGH
47-4099	Construction and Related Workers All Other	HIGH
47-5011	Derrick Operators Oil and Gas	NONE
47-5012	Rotary Drill Operators Oil and Gas	NONE
47-5013	Service Unit Operators Oil Gas and Mining	NONE
47-5021	Earth Drillers Except Oil and Gas	HIGH
47-5031	Explosives Workers Ordnance Handling Experts and Blasters	HIGH
47-5041	Continuous Mining Machine Operators	NONE
47-5042	Mine Cutting and Channeling Machine Operators	HIGH
47-5049	Mining Machine Operators All Other	HIGH
47-5051	Rock Splitters Quarry	NONE
47-5061	Roof Bolters Mining	HIGH
47-5071	Roustabouts Oil and Gas	NONE
47-5081	Helpers--Extraction Workers	HIGH
47-5099	Extraction Workers All Other	HIGH
49-0000	Installation Maintenance and Repair Occupations	UNDT
49-1011	First-Line Supervisors of Mechanics Installers and Repairers	HIGH
49-2011	Computer Automated Teller and Office Machine Repairers	SCND
49-2021	Radio Cellular and Tower Equipment Installers and Repairers	ASSC
49-2022	Telecommunications Equipment Installers and Repairers Except Line Installers	SCND
49-2091	Avionics Technicians	ASSC
49-2092	Electric Motor Power Tool and Related Repairers	HIGH
49-2093	Electrical and Electronics Installers and Repairers Transportation Equipment	SCND
49-2094	Electrical and Electronics Repairers Commercial and Industrial Equipment	SCND
49-2095	Electrical and Electronics Repairers Powerhouse Substation and Relay	SCND
49-2096	Electronic Equipment Installers and Repairers Motor Vehicles	HIGH
49-2097	Electronic Home Entertainment Equipment Installers and Repairers	SCND
49-2098	Security and Fire Alarm Systems Installers	HIGH
49-3011	Aircraft Mechanics and Service Technicians	SCND
49-3021	Automotive Body and Related Repairers	HIGH
49-3022	Automotive Glass Installers and Repairers	HIGH
49-3023	Automotive Service Technicians and Mechanics	SCND
49-3031	Bus and Truck Mechanics and Diesel Engine Specialists	HIGH
49-3041	Farm Equipment Mechanics and Service Technicians	HIGH
49-3042	Mobile Heavy Equipment Mechanics Except Engines	HIGH
49-3043	Rail Car Repairers	HIGH
49-3051	Motorboat Mechanics and Service Technicians	HIGH
49-3052	Motorcycle Mechanics	SCND
49-3053	Outdoor Power Equipment and Other Small Engine Mechanics	HIGH
49-3091	Bicycle Repairers	HIGH
49-3092	Recreational Vehicle Service Technicians	HIGH
49-3093	Tire Repairers and Changers	HIGH
49-9011	Mechanical Door Repairers	HIGH
49-9012	Control and Valve Installers and Repairers Except Mechanical Door	HIGH
49-9021	Heating Air Conditioning and Refrigeration Mechanics and Installers	SCND
49-9031	Home Appliance Repairers	HIGH
49-9041	Industrial Machinery Mechanics	HIGH
49-9043	Maintenance Workers Machinery	HIGH
49-9044	Millwrights	HIGH
49-9045	Refractory Materials Repairers Except Brickmasons	HIGH
49-9051	Electrical Power-Line Installers and Repairers	HIGH
49-9052	Telecommunications Line Installers and Repairers	HIGH
49-9061	Camera and Photographic Equipment Repairers	HIGH
49-9062	Medical Equipment Repairers	ASSC
49-9063	Musical Instrument Repairers and Tuners	HIGH
49-9064	Watch Repairers	HIGH
49-9069	Precision Instrument and Equipment Repairers All Other	HIGH
49-9071	Maintenance and Repair Workers General	HIGH
49-9081	Wind Turbine Service Technicians	SCND
49-9091	Coin Vending and Amusement Machine Servicers and Repairers	HIGH
49-9092	Commercial Divers	SCND
49-9093	Fabric Menders Except Garment	HIGH
49-9094	Locksmiths and Safe Repairers	HIGH
49-9095	Manufactured Building and Mobile Home Installers	HIGH
49-9096	Riggers	HIGH
49-9097	Signal and Track Switch Repairers	HIGH
49-9098	Helpers--Installation Maintenance and Repair Workers	HIGH
49-9099	Installation Maintenance and Repair Workers All Other	HIGH
51-0000	Production Occupations	UNDT
51-1011	First-Line Supervisors of Production and Operating Workers	HIGH
51-2011	Aircraft Structure Surfaces Rigging and Systems Assemblers	HIGH
51-2021	Coil Winders Tapers and Finishers	HIGH
51-2022	Electrical and Electronic Equipment Assemblers	HIGH
51-2023	Electromechanical Equipment Assemblers	HIGH
51-2031	Engine and Other Machine Assemblers	HIGH
51-2041	Structural Metal Fabricators and Fitters	HIGH
51-2091	Fiberglass Laminators and Fabricators	HIGH
51-2092	Team Assemblers	HIGH
51-2093	Timing Device Assemblers and Adjusters	HIGH
51-2099	Assemblers and Fabricators All Other	HIGH
51-3011	Bakers	NONE
51-3021	Butchers and Meat Cutters	NONE
51-3022	Meat Poultry and Fish Cutters and Trimmers	NONE
51-3023	Slaughterers and Meat Packers	NONE
51-3091	Food and Tobacco Roasting Baking and Drying Machine Operators and Tenders	NONE
51-3092	Food Batchmakers	HIGH
51-3093	Food Cooking Machine Operators and Tenders	HIGH
51-3099	Food Processing Workers All Other	NONE
51-4011	Computer-Controlled Machine Tool Operators Metal and Plastic	HIGH
51-4012	Computer Numerically Controlled Machine Tool Programmers Metal and Plastic	SCND
51-4021	Extruding and Drawing Machine Setters Operators and Tenders Metal and Plastic	HIGH
51-4022	Forging Machine Setters Operators and Tenders Metal and Plastic	HIGH
51-4023	Rolling Machine Setters Operators and Tenders Metal and Plastic	HIGH
51-4031	Cutting Punching and Press Machine Setters Operators and Tenders Metal and Plastic	HIGH
51-4032	Drilling and Boring Machine Tool Setters Operators and Tenders Metal and Plastic	HIGH
51-4033	Grinding Lapping Polishing and Buffing Machine Tool Setters Operators and Tenders Metal and Plastic	HIGH
51-4034	Lathe and Turning Machine Tool Setters Operators and Tenders Metal and Plastic	HIGH
51-4035	Milling and Planing Machine Setters Operators and Tenders Metal and Plastic	HIGH
51-4041	Machinists	HIGH
51-4051	Metal-Refining Furnace Operators and Tenders	HIGH
51-4052	Pourers and Casters Metal	HIGH
51-4061	Model Makers Metal and Plastic	HIGH
51-4062	Patternmakers Metal and Plastic	HIGH
51-4071	Foundry Mold and Coremakers	HIGH
51-4072	Molding Coremaking and Casting Machine Setters Operators and Tenders Metal and Plastic	HIGH
51-4081	Multiple Machine Tool Setters Operators and Tenders Metal and Plastic	HIGH
51-4111	Tool and Die Makers	SCND
51-4121	Welders Cutters Solderers and Brazers	HIGH
51-4122	Welding Soldering and Brazing Machine Setters Operators and Tenders	HIGH
51-4191	Heat Treating Equipment Setters Operators and Tenders Metal and Plastic	HIGH
51-4192	Layout Workers Metal and Plastic	HIGH
51-4193	Plating and Coating Machine Setters Operators and Tenders Metal and Plastic	HIGH
51-4194	Tool Grinders Filers and Sharpeners	HIGH
51-4199	Metal Workers and Plastic Workers All Other	HIGH
51-5111	Prepress Technicians and Workers	SCND
51-5112	Printing Press Operators	HIGH
51-5113	Print Binding and Finishing Workers	HIGH
51-6011	Laundry and Dry-Cleaning Workers	NONE
51-6021	Pressers Textile Garment and Related Materials	NONE
51-6031	Sewing Machine Operators	NONE
51-6041	Shoe and Leather Workers and Repairers	HIGH
51-6042	Shoe Machine Operators and Tenders	HIGH
51-6051	Sewers Hand	NONE
51-6052	Tailors Dressmakers and Custom Sewers	NONE
51-6061	Textile Bleaching and Dyeing Machine Operators and Tenders	HIGH
51-6062	Textile Cutting Machine Setters Operators and Tenders	HIGH
51-6063	Textile Knitting and Weaving Machine Setters Operators and Tenders	HIGH
51-6064	Textile Winding Twisting and Drawing Out Machine Setters Operators and Tenders	HIGH
51-6091	Extruding and Forming Machine Setters Operators and Tenders Synthetic and Glass Fibers	HIGH
51-6092	Fabric and Apparel Patternmakers	HIGH
51-6093	Upholsterers	HIGH
51-6099	Textile Apparel and Furnishings Workers All Other	HIGH
51-7011	Cabinetmakers and Bench Carpenters	HIGH
51-7021	Furniture Finishers	HIGH
51-7031	Model Makers Wood	HIGH
51-7032	Patternmakers Wood	HIGH
51-7041	Sawing Machine Setters Operators and Tenders Wood	HIGH
51-7042	Woodworking Machine Setters Operators and Tenders Except Sawing	HIGH
51-7099	Woodworkers All Other	HIGH
51-8011	Nuclear Power Reactor Operators	HIGH
51-8012	Power Distributors and Dispatchers	HIGH
51-8013	Power Plant Operators	HIGH
51-8021	Stationary Engineers and Boiler Operators	HIGH
51-8031	Water and Wastewater Treatment Plant and System Operators	HIGH
51-8091	Chemical Plant and System Operators	HIGH
51-8092	Gas Plant Operators	HIGH
51-8093	Petroleum Pump System Operators Refinery Operators and Gaugers	HIGH
51-8099	Plant and System Operators All Other	HIGH
51-9011	Chemical Equipment Operators and Tenders	HIGH
51-9012	Separating Filtering Clarifying Precipitating and Still Machine Setters Operators and Tenders	HIGH
51-9021	Crushing Grinding and Polishing Machine Setters Operators and Tenders	HIGH
51-9022	Grinding and Polishing Workers Hand	NONE
51-9023	Mixing and Blending Machine Setters Operators and Tenders	HIGH
51-9031	Cutters and Trimmers Hand	NONE
51-9032	Cutting and Slicing Machine Setters Operators and Tenders	HIGH
51-9041	Extruding Forming Pressing and Compacting Machine Setters Operators and Tenders	HIGH
51-9051	Furnace Kiln Oven Drier and Kettle Operators and Tenders	HIGH
51-9061	Inspectors Testers Sorters Samplers and Weighers	HIGH
51-9071	Jewelers and Precious Stone and Metal Workers	HIGH
51-9081	Dental Laboratory Technicians	HIGH
51-9082	Medical Appliance Technicians	HIGH
51-9083	Ophthalmic Laboratory Technicians	HIGH
51-9111	Packaging and Filling Machine Operators and Tenders	HIGH
51-9121	Coating Painting and Spraying Machine Setters Operators and Tenders	HIGH
51-9122	Painters Transportation Equipment	HIGH
51-9123	Painting Coating and Decorating Workers	NONE
51-9141	Semiconductor Processors	HIGH
51-9151	Photographic Process Workers and Processing Machine Operators	HIGH
51-9191	Adhesive Bonding Machine Operators and Tenders	HIGH
51-9192	Cleaning Washing and Metal Pickling Equipment Operators and Tenders	HIGH
51-9193	Cooling and Freezing Equipment Operators and Tenders	HIGH
51-9194	Etchers and Engravers	HIGH
51-9195	Molders Shapers and Casters Except Metal and Plastic	HIGH
51-9196	Paper Goods Machine Setters Operators and Tenders	HIGH
51-9197	Tire Builders	HIGH
51-9198	Helpers--Production Workers	HIGH
51-9199	Production Workers All Other	HIGH
53-0000	Transportation and Material Moving Occupations	UNDT
53-1011	Aircraft Cargo Handling Supervisors	HIGH
53-1021	First-Line Supervisors of Helpers Laborers and Material Movers Hand	HIGH
53-1031	First-Line Supervisors of Transportation and Material-Moving Machine and Vehicle Operators	HIGH
53-2011	Airline Pilots Copilots and Flight Engineers	BACH
53-2012	Commercial Pilots	HIGH
53-2021	Air Traffic Controllers	ASSC
53-2022	Airfield Operations Specialists	HIGH
53-2031	Flight Attendants	HIGH
53-3011	Ambulance Drivers and Attendants Except Emergency Medical Technicians	HIGH
53-3021	Bus Drivers Transit and Intercity	HIGH
53-3022	Bus Drivers School or Special Client	HIGH
53-3031	Driver/Sales Workers	HIGH
53-3032	Heavy and Tractor-Trailer Truck Drivers	SCND
53-3033	Light Truck or Delivery Services Drivers	HIGH
53-3041	Taxi Drivers and Chauffeurs	NONE
53-3099	Motor Vehicle Operators All Other	NONE
53-4011	Locomotive Engineers	HIGH
53-4012	Locomotive Firers	HIGH
53-4013	Rail Yard Engineers Dinkey Operators and Hostlers	HIGH
53-4021	Railroad Brake Signal and Switch Operators	HIGH
53-4031	Railroad Conductors and Yardmasters	HIGH
53-4041	Subway and Streetcar Operators	HIGH
53-4099	Rail Transportation Workers All Other	HIGH
53-5011	Sailors and Marine Oilers	NONE
53-5021	Captains Mates and Pilots of Water Vessels	SCND
53-5022	Motorboat Operators	SCND
53-5031	Ship Engineers	SCND
53-6011	Bridge and Lock Tenders	HIGH
53-6021	Parking Lot Attendants	NONE
53-6031	Automotive and Watercraft Service Attendants	NONE
53-6041	Traffic Technicians	HIGH
53-6051	Transportation Inspectors	HIGH
53-6061	Transportation Attendants Except Flight Attendants	HIGH
53-6099	Transportation Workers All Other	HIGH
53-7011	Conveyor Operators and Tenders	NONE
53-7021	Crane and Tower Operators	HIGH
53-7031	Dredge Operators	HIGH
53-7032	Excavating and Loading Machine and Dragline Operators	HIGH
53-7033	Loading Machine Operators Underground Mining	NONE
53-7041	Hoist and Winch Operators	NONE
53-7051	Industrial Truck and Tractor Operators	NONE
53-7061	Cleaners of Vehicles and Equipment	NONE
53-7062	Laborers and Freight Stock and Material Movers Hand	NONE
53-7063	Machine Feeders and Offbearers	NONE
53-7064	Packers and Packagers Hand	NONE
53-7071	Gas Compressor and Gas Pumping Station Operators	HIGH
53-7072	Pump Operators Except Wellhead Pumpers	HIGH
53-7073	Wellhead Pumpers	HIGH
53-7081	Refuse and Recyclable Material Collectors	NONE
53-7111	Mine Shuttle Car Operators	NONE
53-7121	Tank Car Truck and Ship Loaders	NONE
53-7199	Material Moving Workers All Other	NONE
